iteration, segment size, number of segments, fill offsets, fill reduction, min reduce, max reduce, find span, argMax reduce, fill curr dim, fill keys in, sort
0,32,1,0.018432,0.009216,0.033792,0.022528,0.010240,0.025600,0.009216,0.009216,0.124928
0,32,1,0.015360,0.009216,0.029696,0.019456,0.008192,0.020480,0.007168,0.008192,0.128000
1,16,2,0.019456,0.009216,0.033792,0.019456,0.008192,0.019456,0.009216,0.007168,0.191456
