n, TOTAL_TIME, GENERATE_DATASET, KDTREE, TLR_MATRIX, CMTOMO, HMATRIX
32768, 1428889.750000, 178.861053, 6109.119629, 697789.062500, 15256.083008, 181801.421875, 
