n, TOTAL_TIME, GENERATE_DATASET, KDTREE, TLR_MATRIX, CMTOMO, HMATRIX
32768, 1428889.750000, 178.861053, 6109.119629, 697789.062500, 15256.083008, 181801.421875, 
256, 646849.000000, 161.849350, 706.702332, 640451.750000, 12.178336, 434.595032, 
8192, 816637.562500, 234.927109, 3576.837158, 737005.750000, 1835.060669, 21022.462891, 
8192, 755009.375000, 145.087494, 2230.923340, 710943.312500, 945.539612, 11792.835938, 
