n, TOTAL_TIME, GENERATE_DATASET, KDTREE, TLR_MATRIX, CMTOMO, HMATRIX
32768, 1428889.750000, 178.861053, 6109.119629, 697789.062500, 15256.083008, 181801.421875, 
256, 646849.000000, 161.849350, 706.702332, 640451.750000, 12.178336, 434.595032, 
8192, 816637.562500, 234.927109, 3576.837158, 737005.750000, 1835.060669, 21022.462891, 
8192, 755009.375000, 145.087494, 2230.923340, 710943.312500, 945.539612, 11792.835938, 
8192, 2430.669922, 180.791290, 2237.942871, 0.000000, 0.000000, 0.000000, 
8192, 718003.750000, 174.628860, 2249.973877, 672263.000000, 1543.331299, 12108.041016, 
8192, 411584.437500, 158.588928, 3198.165039, 348519.000000, 900.589539, 15662.675781, 
8192, 374453.406250, 164.267014, 2223.494141, 331620.625000, 622.347290, 10763.110352, 
