n, bucket size, dimension, epsilon, index map construction time, k sum, input matrix generation time, GEMV time, Dense GEMV time, GEMM time, dense GEMM time, total time
312230.406250, 
315632.718750, 
310845.281250, 
306477.687500, 
306173.375000, 
309457.000000, 
311315.906250, 
305123.656250, 
307392.687500, 
307720.125000, 
317052.406250, 
