n, bucket size, dimension, epsilon, index map construction time, k sum, input matrix generation time, GEMV time, Dense GEMV time, GEMM time, dense GEMM time, total time
128.000000, 32.000000, 2.000000, 0.000010, 0.000000, 0.000000, 0.000000, 0.000000, 0.000000, 0.000000, 0.000000, 3492.589844, 0.000000, 
256.000000, 32.000000, 2.000000, 0.000010, 0.000000, 0.000000, 0.000000, 0.000000, 0.000000, 0.000000, 0.000000, 3306.692871, 0.000000, 
0.000000, 
0.000000, 
0.000000, 
0.000000, 
0.000000, 
0.000000, 
3241.936768, 
3419.822266, 
3498.485352, 
539809.187500, 
3299.173828, 
3472.073975, 
3437.875488, 
3468.081543, 
4125.609863, 
3452.794189, 
3672.980713, 
3441.196777, 
3488.430176, 
3797.947510, 
3507.599121, 
3433.907471, 
3444.473877, 
3458.063721, 
3802.569092, 
3430.388916, 
3425.150146, 
3714.596436, 
3231.808350, 
3442.211914, 
4336.712891, 
3500.649414, 
4182.072754, 
3660.875244, 
3493.212891, 
3449.453857, 
3460.877930, 
493919.843750, 
3754.468750, 
3510.781250, 
3265.528564, 
3476.531982, 
3248.188721, 
3470.952881, 
3352.685303, 
3515.905762, 
4368.242676, 
565006.562500, 
