n, bucket size, dimension, epsilon, index map construction time, k sum, input matrix generation time, GEMV time, Dense GEMV time, GEMM time, dense GEMM time, total time
128.000000, 32.000000, 2.000000, 0.000010, 0.000000, 0.000000, 0.000000, 0.000000, 0.000000, 0.000000, 0.000000, 3492.589844, 0.000000, 
256.000000, 32.000000, 2.000000, 0.000010, 0.000000, 0.000000, 0.000000, 0.000000, 0.000000, 0.000000, 0.000000, 3306.692871, 0.000000, 
0.000000, 
0.000000, 
0.000000, 
0.000000, 
0.000000, 
0.000000, 
3241.936768, 
3419.822266, 
3498.485352, 
539809.187500, 
3299.173828, 
3472.073975, 
3437.875488, 
3468.081543, 
4125.609863, 
3452.794189, 
3672.980713, 
3441.196777, 
3488.430176, 
3797.947510, 
3507.599121, 
3433.907471, 
3444.473877, 
3458.063721, 
3802.569092, 
3430.388916, 
3425.150146, 
3714.596436, 
3231.808350, 
3442.211914, 
4336.712891, 
3500.649414, 
4182.072754, 
3660.875244, 
3493.212891, 
3449.453857, 
3460.877930, 
493919.843750, 
3754.468750, 
3510.781250, 
3265.528564, 
3476.531982, 
3248.188721, 
3470.952881, 
3352.685303, 
3515.905762, 
4368.242676, 
565006.562500, 
4427.762695, 
3471.414062, 
3840.276123, 
562037.750000, 
3728.374756, 
3439.738770, 
13364.177734, 
12981.396484, 
13552.702148, 
2284087.250000, 
10910.064453, 
12329.031250, 
13511.377930, 
1135922.250000, 
12094.331055, 
1151442.375000, 
13428.133789, 
1509150.750000, 
14662.128906, 
11657.708008, 
11944.223633, 
1159834.000000, 
1145547.625000, 
12030.185547, 
11824.660156, 
11951.122070, 
11917.846680, 
11753.920898, 
13780.136719, 
11837.509766, 
11674.139648, 
1234196.375000, 
11688.448242, 
11647.556641, 
1220060.000000, 
11844.338867, 
11728.722656, 
11950.916992, 
11983.377930, 
18674.169922, 
14801.528320, 
18117.808594, 
22214.744141, 
13985.078125, 
20348.660156, 
11820.089844, 
11580.167969, 
14882.944336, 
13727.666992, 
13775.206055, 
14133.800781, 
13652.208984, 
13768.938477, 
13970.728516, 
13728.036133, 
13715.688477, 
701697.062500, 
13892.385742, 
13885.727539, 
13864.051758, 
1012877.375000, 
14007.931641, 
13901.045898, 
13673.070312, 
13683.984375, 
13943.844727, 
13871.459961, 
734275.500000, 
14265.140625, 
19097.179688, 
13762.664062, 
13989.684570, 
14113.130859, 
13633.235352, 
14251.924805, 
14191.176758, 
13920.656250, 
13910.585938, 
13823.843750, 
50038.058594, 
14442.487305, 
13629.610352, 
13971.978516, 
13778.391602, 
991353.500000, 
